word	why
ABBEY	Xuxen rejects it
ABBOT	Xuxen rejects it
ADVANTAGE	Xuxen rejects it
ADVICE	Xuxen rejects it
ADVOCACY	Xuxen rejects it
AFTERNOON	Xuxen rejects it
AGE	Xuxen rejects it
AGENT	Xuxen rejects it
AID	Xuxen rejects it
AIDE	Xuxen rejects it
AIR	Xuxen rejects it
ALAMEDA	Xuxen rejects it
ALGEBRA	Xuxen rejects it
ALIVE	Xuxen rejects it
ALL	Xuxen rejects it
ALLIANCE	Xuxen rejects it
ALLURE	Xuxen rejects it
ALONE	Xuxen rejects it
ALSO	Xuxen rejects it
ALT	Xuxen rejects it
ALWAYS	Xuxen rejects it
AMADOU	Xuxen rejects it
AMBER	Xuxen rejects it
AMNESTY	Xuxen rejects it
ANA	Xuxen rejects it
AND	Xuxen accepts it, but no Romance language has it: English only
ANDROID	Xuxen rejects it
ANTHRAX	Xuxen rejects it
ANY	Xuxen rejects it
ANYONE	Xuxen rejects it
ANYTHING	Xuxen rejects it
APE	Xuxen rejects it
APPEL	Xuxen rejects it
APPLE	Xuxen rejects it
AQUA	Xuxen rejects it
ARBOR	Xuxen rejects it
ARC	Xuxen rejects it
ARMADILLO	Xuxen rejects it
ARMS	Xuxen rejects it
ART	Xuxen rejects it
ARTIST	Xuxen rejects it
ASH	Xuxen rejects it
ASK	Xuxen rejects it
ASSHOLE	Xuxen rejects it
ASSOCIATION	Xuxen rejects it
ATTACK	Xuxen rejects it
AUGUST	Xuxen rejects it
AVE	Xuxen rejects it
AXE	Xuxen rejects it
BABY	Xuxen rejects it
BACK	Xuxen rejects it
BACON	Xuxen rejects it
BAD	Xuxen rejects it
BADGER	Xuxen rejects it
BAG	Xuxen rejects it
BAKER	Xuxen rejects it
BALANCE	Xuxen rejects it
BALD	Xuxen rejects it
BAMBINO	Xuxen rejects it
BANK	Xuxen rejects it
BANNING	Xuxen rejects it
BARN	by hand: English, though Xuxen and a Romance list accept it
BASEBALL	Xuxen rejects it
BASIL	Xuxen rejects it
BATTLEFIELD	Xuxen rejects it
BEACH	Xuxen rejects it
BEAM	Xuxen rejects it
BEAR	Xuxen rejects it
BEARD	Xuxen rejects it
BEAT	by hand: English, though Xuxen and a Romance list accept it
BEAVER	Xuxen rejects it
BED	Xuxen rejects it
BEE	spelled as Basque never spells
BEECH	Xuxen rejects it
BEIN	Xuxen rejects it
BELIEVE	Xuxen rejects it
BELL	Xuxen rejects it
BELT	Xuxen rejects it
BEND	Xuxen rejects it
BENE	Xuxen rejects it
BERG	Xuxen rejects it
BERRY	Xuxen rejects it
BET	Xuxen rejects it
BIG	Xuxen rejects it
BIJOU	Xuxen rejects it
BIN	Xuxen rejects it
BIRD	Xuxen rejects it
BISHOP	Xuxen rejects it
BITTER	by hand: English, though Xuxen and a Romance list accept it
BLACK	Xuxen rejects it
BLACKOUT	Xuxen rejects it
BLAT	Xuxen rejects it
BLIND	Xuxen rejects it
BLOCK	Xuxen rejects it
BLOOD	Xuxen rejects it
BLOOM	Xuxen rejects it
BLOW	Xuxen rejects it
BLOWJOB	Xuxen rejects it
BLUE	Xuxen rejects it
BOB	Xuxen rejects it
BOG	Xuxen rejects it
BONE	Xuxen rejects it
BOOB	Xuxen rejects it
BOOK	spelled as Basque never spells
BOOM	spelled as Basque never spells
BORROW	Xuxen rejects it
BOT	Xuxen rejects it
BOTTLE	Xuxen rejects it
BOULE	Xuxen rejects it
BOW	Xuxen rejects it
BOY	Xuxen rejects it
BRA	Xuxen rejects it
BRAIN	Xuxen accepts it, but no Romance language has it: English only
BRAN	Xuxen rejects it
BRANCH	Xuxen rejects it
BREAD	Xuxen rejects it
BREAK	by hand: English, though Xuxen and a Romance list accept it
BRING	Xuxen rejects it
BRO	Xuxen rejects it
BRONCO	Xuxen rejects it
BROTHER	Xuxen rejects it
BROWN	Xuxen rejects it
BUBBLE	Xuxen rejects it
BUFFALO	Xuxen rejects it
BULL	Xuxen rejects it
BULLA	Xuxen rejects it
BURN	Xuxen rejects it
BURRO	Xuxen rejects it
BUSH	Xuxen rejects it
BUSINESS	Xuxen rejects it
BUSINESSMAN	Xuxen rejects it
BUT	Xuxen rejects it
BUTT	Xuxen rejects it
BUTTERFLY	Xuxen rejects it
BUY	Xuxen rejects it
CABLE	Xuxen rejects it
CAFE	Xuxen rejects it
CAL	spelled as Basque never spells
CALL	Xuxen rejects it
CAN	Xuxen rejects it
CANE	Xuxen rejects it
CAP	Xuxen rejects it
CAPITAL	Xuxen rejects it
CAPUT	Xuxen rejects it
CAR	Xuxen rejects it
CARRY	Xuxen rejects it
CART	Xuxen rejects it
CARTER	Xuxen rejects it
CASA	Xuxen rejects it
CASE	Xuxen rejects it
CASTLE	Xuxen rejects it
CASTOR	Xuxen rejects it
CASUAL	Xuxen rejects it
CAT	Xuxen rejects it
CATCH	spelled as Basque never spells
CENT	Xuxen rejects it
CENTURY	Xuxen rejects it
CEREAL	Xuxen rejects it
CHABLIS	Xuxen rejects it
CHAISE	Xuxen rejects it
CHAMPAGNE	Xuxen rejects it
CHAMPION	Xuxen rejects it
CHANCE	Xuxen rejects it
CHAT	Xuxen rejects it
CHEMICAL	Xuxen rejects it
CHERRY	Xuxen rejects it
CHESS	Xuxen rejects it
CHI	Xuxen rejects it
CHICKEN	Xuxen rejects it
CHILD	Xuxen rejects it
CHIN	Xuxen rejects it
CHIP	Xuxen rejects it
CHOCOLATE	Xuxen rejects it
CHOOSE	Xuxen rejects it
CHOP	Xuxen rejects it
CHUNK	Xuxen rejects it
CHURCH	Xuxen rejects it
CINE	Xuxen rejects it
CIRCLE	Xuxen rejects it
CIRCUS	Xuxen rejects it
CITIZEN	Xuxen rejects it
CITY	Xuxen rejects it
CLASH	Xuxen rejects it
CLEAN	Xuxen rejects it
CLEF	Xuxen rejects it
CLIFF	Xuxen rejects it
CLOCK	Xuxen rejects it
CLOUD	Xuxen rejects it
COACH	Xuxen rejects it
COAL	Xuxen rejects it
COBRA	Xuxen rejects it
COCO	Xuxen rejects it
COD	Xuxen rejects it
CODE	Xuxen rejects it
COFFEE	Xuxen rejects it
COIN	Xuxen rejects it
COL	Xuxen rejects it
COLD	Xuxen rejects it
COLLECT	Xuxen rejects it
COME	Xuxen rejects it
COMMA	Xuxen rejects it
COMPOSE	Xuxen rejects it
CON	Xuxen rejects it
CONDOR	Xuxen rejects it
CONTENT	Xuxen rejects it
CONTINUE	Xuxen rejects it
CONTINUUM	spelled as Basque never spells
COOK	Xuxen rejects it
COOKIE	spelled as Basque never spells
COPPER	Xuxen rejects it
COPY	Xuxen rejects it
COR	Xuxen rejects it
CORN	Xuxen rejects it
COS	spelled as Basque never spells
COST	Xuxen rejects it
COUNT	Xuxen rejects it
COW	Xuxen rejects it
CRANE	Xuxen rejects it
CRASH	Xuxen rejects it
CREW	Xuxen rejects it
CROW	Xuxen rejects it
CROWD	Xuxen rejects it
CROWN	Xuxen rejects it
CRUEL	Xuxen rejects it
CULPA	spelled as Basque never spells
CUM	spelled as Basque never spells
CUT	Xuxen rejects it
DAD	Xuxen rejects it
DAG	Xuxen rejects it
DAK	Xuxen rejects it
DAL	Xuxen rejects it
DAMP	Xuxen rejects it
DANCE	spelled as Basque never spells
DARK	Xuxen rejects it
DART	Xuxen rejects it
DAS	Xuxen rejects it
DATO	Xuxen rejects it
DAUPHINE	Xuxen rejects it
DAY	Xuxen rejects it
DEAD	Xuxen rejects it
DEAL	Xuxen rejects it
DEATH	Xuxen rejects it
DEEP	Xuxen rejects it
DEER	Xuxen rejects it
DELTOID	Xuxen rejects it
DEMOCRACY	Xuxen rejects it
DERBY	spelled as Basque never spells
DESERT	Xuxen rejects it
DEVIL	Xuxen rejects it
DEW	Xuxen rejects it
DIAMOND	Xuxen rejects it
DICK	Xuxen rejects it
DIG	Xuxen rejects it
DIM	Xuxen rejects it
DINNER	Xuxen rejects it
DIRECTION	Xuxen rejects it
DIRTY	Xuxen rejects it
DISCOVERY	Xuxen rejects it
DISH	Xuxen rejects it
DOG	Xuxen rejects it
DONNA	Xuxen rejects it
DOOR	Xuxen rejects it
DOS	Xuxen rejects it
DREAM	Xuxen rejects it
DREK	Xuxen rejects it
DRESS	Xuxen rejects it
DRINK	Xuxen rejects it
DRIVE	spelled as Basque never spells
DRIVER	spelled as Basque never spells
DRY	Xuxen rejects it
DUCK	Xuxen rejects it
DUDE	Xuxen rejects it
DUG	Xuxen rejects it
DUNE	Xuxen rejects it
DYNASTY	Xuxen rejects it
EAGLE	Xuxen accepts it, but no Romance language has it: English only
EAST	Xuxen rejects it
EAU	Xuxen rejects it
ECHO	Xuxen rejects it
EDGE	Xuxen rejects it
EDUCATION	Xuxen rejects it
EGG	Xuxen rejects it
EIGHT	Xuxen rejects it
EINSTEIN	Xuxen rejects it
ELECTRIC	Xuxen rejects it
ELEVEN	Xuxen rejects it
ELM	Xuxen rejects it
ELSE	Xuxen rejects it
ENERGY	Xuxen rejects it
ENTER	Xuxen rejects it
EST	Xuxen rejects it
EVEN	Xuxen rejects it
EVENING	Xuxen rejects it
EXPENSIVE	Xuxen rejects it
EXPLAIN	Xuxen rejects it
EYE	Xuxen rejects it
FACE	Xuxen rejects it
FALCON	Xuxen rejects it
FALL	Xuxen rejects it
FAMILY	Xuxen rejects it
FAR	Xuxen rejects it
FARM	Xuxen rejects it
FASHION	Xuxen rejects it
FAST	Xuxen rejects it
FAULT	Xuxen rejects it
FEATHER	Xuxen rejects it
FEEL	Xuxen rejects it
FEMME	Xuxen rejects it
FERMI	Xuxen rejects it
FEVER	Xuxen rejects it
FIELD	Xuxen rejects it
FIESTA	Xuxen rejects it
FIFTH	Xuxen rejects it
FIFTY	Xuxen rejects it
FIG	Xuxen rejects it
FIGHT	Xuxen rejects it
FILET	Xuxen rejects it
FILL	Xuxen rejects it
FIND	Xuxen rejects it
FINGER	Xuxen rejects it
FIRE	Xuxen rejects it
FIRST	Xuxen rejects it
FISH	Xuxen rejects it
FIVE	Xuxen rejects it
FLAME	Xuxen rejects it
FLOWER	Xuxen rejects it
FLY	spelled as Basque never spells
FOLLOW	Xuxen rejects it
FOOD	Xuxen rejects it
FOOT	Xuxen rejects it
FORD	Xuxen rejects it
FORGET	Xuxen rejects it
FORK	Xuxen rejects it
FOUR	Xuxen rejects it
FOX	Xuxen rejects it
FRACKING	Xuxen rejects it
FREE	Xuxen rejects it
FREQUENCY	Xuxen rejects it
FRIEND	Xuxen rejects it
FROST	Xuxen rejects it
FRUIT	Xuxen rejects it
FUCK	Xuxen rejects it
FULL	by hand: English, though Xuxen and a Romance list accept it
FUN	Xuxen rejects it
FUTURE	Xuxen rejects it
GADS	Xuxen rejects it
GALLETA	Xuxen rejects it
GAME	Xuxen rejects it
GARDEN	Xuxen accepts it, but no Romance language has it: English only
GAT	Xuxen rejects it
GATE	Xuxen rejects it
GAY	spelled as Basque never spells
GAZELLE	Xuxen rejects it
GELATO	Xuxen rejects it
GEN	Xuxen rejects it
GEOGRAPHIC	Xuxen rejects it
GET	Xuxen rejects it
GHOST	Xuxen rejects it
GINGER	Xuxen accepts it, but no Romance language has it: English only
GIRL	Xuxen rejects it
GIVE	Xuxen rejects it
GLASS	Xuxen rejects it
GOD	Xuxen rejects it
GOLD	Xuxen rejects it
GOLDEN	by hand: English, though Xuxen and a Romance list accept it
GONNA	Xuxen rejects it
GOOD	Xuxen rejects it
GOULASH	Xuxen rejects it
GRAND	Xuxen rejects it
GRANT	Xuxen rejects it
GRAVITY	Xuxen rejects it
GREEN	spelled as Basque never spells
GREY	Xuxen rejects it
GROW	Xuxen rejects it
GUL	Xuxen rejects it
GUN	Xuxen accepts it, but no Romance language has it: English only
GUT	Xuxen rejects it
GUY	Xuxen rejects it
HAD	Xuxen rejects it
HAIL	Xuxen rejects it
HAIR	Xuxen rejects it
HAJ	Xuxen rejects it
HALF	Xuxen rejects it
HALL	by hand: English, though Xuxen and a Romance list accept it
HAM	Xuxen rejects it
HAMBURGER	Xuxen rejects it
HAMMER	Xuxen rejects it
HAND	Xuxen rejects it
HAPPY	Xuxen rejects it
HARD	Xuxen rejects it
HARE	Xuxen rejects it
HART	Xuxen rejects it
HAT	Xuxen rejects it
HAVE	Xuxen rejects it
HAVEN	Xuxen rejects it
HEAD	Xuxen rejects it
HEART	Xuxen rejects it
HEATHER	Xuxen rejects it
HEAVEN	Xuxen rejects it
HEAVY	spelled as Basque never spells
HELL	Xuxen rejects it
HELLO	Xuxen rejects it
HELP	Xuxen rejects it
HER	Xuxen rejects it
HERB	Xuxen rejects it
HERE	Xuxen rejects it
HILL	Xuxen rejects it
HIP	Xuxen rejects it
HIS	Xuxen rejects it
HIT	Xuxen rejects it
HOBBY	spelled as Basque never spells
HOLD	Xuxen rejects it
HOLIDAY	Xuxen rejects it
HOLM	Xuxen rejects it
HOME	Xuxen rejects it
HOMO	Xuxen rejects it
HONEY	Xuxen rejects it
HOOK	Xuxen rejects it
HOPE	by hand: English, though Xuxen and a Romance list accept it
HORA	Xuxen rejects it
HORN	Xuxen rejects it
HORSE	Xuxen rejects it
HOT	by hand: English, though Xuxen and a Romance list accept it
HOUR	Xuxen rejects it
HOUSE	Xuxen rejects it
HOW	Xuxen rejects it
HOY	Xuxen rejects it
HUG	Xuxen rejects it
HUNGRY	Xuxen rejects it
HUNTER	Xuxen rejects it
HURT	Xuxen rejects it
ICE	Xuxen rejects it
ICEBERG	spelled as Basque never spells
ICH	Xuxen rejects it
IDEA	Xuxen rejects it
IMPALA	Xuxen rejects it
INK	Xuxen rejects it
IRON	Xuxen accepts it, but no Romance language has it: English only
ISLAND	Xuxen rejects it
IVY	Xuxen rejects it
JAR	by hand: English, though Xuxen and a Romance list accept it
JEEP	spelled as Basque never spells
JERSEY	Xuxen rejects it
JOB	Xuxen rejects it
JOURNAL	Xuxen rejects it
JUDAS	Xuxen rejects it
JUDGE	Xuxen rejects it
KAGU	Xuxen rejects it
KAPA	Xuxen accepts it, but no Romance language has it: English only
KAT	Xuxen rejects it
KEEP	Xuxen rejects it
KEY	Xuxen rejects it
KILLER	Xuxen rejects it
KIND	Xuxen rejects it
KING	Xuxen rejects it
KIP	Xuxen accepts it, but no Romance language has it: English only
KISS	Xuxen rejects it
KITCHEN	Xuxen rejects it
KNIFE	Xuxen rejects it
KNOW	Xuxen rejects it
KOR	Xuxen rejects it
KULAK	Xuxen rejects it
KULTUR	Xuxen accepts it, but no Romance language has it: English only
LAKE	Xuxen rejects it
LANE	Xuxen rejects it
LANG	Xuxen rejects it
LARGE	Xuxen rejects it
LAS	Xuxen rejects it
LATTE	Xuxen rejects it
LAUGH	Xuxen rejects it
LAW	Xuxen rejects it
LAY	Xuxen rejects it
LAZY	Xuxen rejects it
LEAD	Xuxen accepts it, but no Romance language has it: English only
LEAN	Xuxen rejects it
LEAVE	Xuxen rejects it
LEECH	Xuxen rejects it
LEEK	Xuxen rejects it
LEFT	Xuxen rejects it
LEG	Xuxen rejects it
LEMON	Xuxen accepts it, but no Romance language has it: English only
LET	Xuxen rejects it
LEX	Xuxen rejects it
LIAR	Xuxen rejects it
LIFE	Xuxen rejects it
LIGHT	by hand: English, though Xuxen and a Romance list accept it
LIGHTNING	Xuxen rejects it
LIKE	Xuxen rejects it
LION	Xuxen rejects it
LIP	Xuxen rejects it
LIQUID	Xuxen rejects it
LISTEN	by hand: English, though Xuxen and a Romance list accept it
LITTLE	Xuxen rejects it
LIVE	Xuxen rejects it
LOAN	by hand: English, though Xuxen and a Romance list accept it
LOBO	Xuxen rejects it
LOIN	Xuxen rejects it
LONG	Xuxen rejects it
LOOK	spelled as Basque never spells
LOVE	Xuxen rejects it
LUCE	Xuxen rejects it
LUCIFER	Xuxen rejects it
LUCK	Xuxen rejects it
LUNA	Xuxen rejects it
LUTZ	Xuxen rejects it
LYNCH	Xuxen rejects it
MAC	Xuxen rejects it
MAIN	Xuxen rejects it
MAKE	Xuxen rejects it
MAMBA	Xuxen rejects it
MAN	by hand: English, though Xuxen and a Romance list accept it
MANTLE	Xuxen rejects it
MAR	Xuxen rejects it
MARKET	Xuxen rejects it
MARS	Xuxen rejects it
MAS	Xuxen rejects it
MASS	Xuxen rejects it
MASSA	Xuxen rejects it
MATCH	spelled as Basque never spells
MATIN	Xuxen rejects it
MATRIX	Xuxen rejects it
MATS	Xuxen rejects it
MAY	Xuxen rejects it
MAYA	Xuxen rejects it
MAYO	Xuxen rejects it
MEAN	by hand: English, though Xuxen and a Romance list accept it
MED	Xuxen rejects it
MEET	Xuxen rejects it
MEL	Xuxen rejects it
MEME	Xuxen rejects it
MERCURY	Xuxen rejects it
MERDE	Xuxen rejects it
MERLIN	Xuxen rejects it
MESA	Xuxen rejects it
MESSAGE	Xuxen rejects it
MET	Xuxen rejects it
MIDNIGHT	Xuxen rejects it
MIL	Xuxen rejects it
MILK	Xuxen rejects it
MILL	Xuxen rejects it
MILLENNIUM	Xuxen rejects it
MILO	Xuxen rejects it
MINT	Xuxen rejects it
MINUTE	Xuxen rejects it
MIRACLE	Xuxen rejects it
MISS	by hand: English, though Xuxen and a Romance list accept it
MIX	Xuxen rejects it
MONEY	Xuxen rejects it
MONTE	Xuxen rejects it
MOON	Xuxen rejects it
MOOSE	Xuxen rejects it
MORNING	Xuxen rejects it
MORT	Xuxen rejects it
MOST	Xuxen rejects it
MOTHER	Xuxen rejects it
MOULIN	Xuxen rejects it
MOUNTAIN	Xuxen rejects it
MOUSE	Xuxen rejects it
MOVE	Xuxen rejects it
MOVIE	Xuxen rejects it
MULLER	Xuxen rejects it
MURDER	Xuxen rejects it
MUSIC	Xuxen rejects it
MUTT	Xuxen rejects it
NAG	Xuxen rejects it
NAME	Xuxen rejects it
NAN	Xuxen rejects it
NATION	Xuxen rejects it
NECK	Xuxen rejects it
NEED	Xuxen rejects it
NEVER	Xuxen rejects it
NEW	Xuxen rejects it
NIGHT	Xuxen rejects it
NIX	Xuxen rejects it
NOIR	Xuxen rejects it
NOME	Xuxen rejects it
NORTH	Xuxen rejects it
NOS	Xuxen rejects it
NOSE	Xuxen rejects it
NOTHING	Xuxen rejects it
NOVA	Xuxen rejects it
NOW	Xuxen rejects it
NOWADAYS	Xuxen rejects it
NOWHERE	Xuxen rejects it
NUCLEUS	Xuxen rejects it
OBEY	Xuxen rejects it
OCEAN	Xuxen rejects it
OCTOPUS	Xuxen rejects it
OCULUS	Xuxen rejects it
OFFICE	Xuxen rejects it
OIL	by hand: English, though Xuxen and a Romance list accept it
OLD	Xuxen rejects it
OLIVE	Xuxen rejects it
ONE	Xuxen rejects it
OPEN	by hand: English, though Xuxen and a Romance list accept it
ORANGE	Xuxen rejects it
ORCA	Xuxen rejects it
OUR	Xuxen rejects it
OVERLOOK	Xuxen rejects it
OWL	Xuxen rejects it
PACE	Xuxen rejects it
PADRE	Xuxen rejects it
PAIN	Xuxen rejects it
PAINT	Xuxen rejects it
PAIR	Xuxen rejects it
PALACE	Xuxen rejects it
PALAIS	Xuxen rejects it
PAP	Xuxen rejects it
PAPILLON	Xuxen rejects it
PAPPI	Xuxen rejects it
PARK	Xuxen rejects it
PART	by hand: English, though Xuxen and a Romance list accept it
PAS	Xuxen rejects it
PASS	Xuxen rejects it
PATCH	Xuxen rejects it
PAY	Xuxen rejects it
PEACE	Xuxen rejects it
PEACH	Xuxen rejects it
PEARL	Xuxen rejects it
PECH	Xuxen rejects it
PEG	Xuxen rejects it
PELOTA	Xuxen rejects it
PENNY	spelled as Basque never spells
PEOPLE	Xuxen rejects it
PEPPER	Xuxen rejects it
PES	Xuxen rejects it
PEST	Xuxen rejects it
PICTURE	Xuxen rejects it
PIE	Xuxen rejects it
PIED	Xuxen rejects it
PIG	Xuxen rejects it
PINK	Xuxen rejects it
PIT	Xuxen accepts it, but no Romance language has it: English only
PLACE	Xuxen rejects it
PLANET	Xuxen rejects it
PLANT	Xuxen rejects it
PLAY	Xuxen rejects it
PLEASANT	Xuxen rejects it
PLUG	Xuxen rejects it
POD	Xuxen rejects it
POINT	Xuxen rejects it
POLICE	Xuxen rejects it
PONS	Xuxen rejects it
POOR	Xuxen rejects it
POTATO	Xuxen rejects it
PRETTY	Xuxen rejects it
PRICE	Xuxen rejects it
PRIMO	Xuxen rejects it
PRINCE	Xuxen rejects it
PROUD	Xuxen rejects it
PRUDENCE	Xuxen rejects it
PUBLIC	Xuxen rejects it
PUMP	Xuxen rejects it
PUN	Xuxen accepts it, but no Romance language has it: English only
PUSSY	Xuxen rejects it
PUT	Xuxen rejects it
QUEEN	Xuxen rejects it
QUIET	Xuxen rejects it
RAIN	Xuxen rejects it
RAISIN	Xuxen rejects it
RAJ	Xuxen rejects it
RAPE	Xuxen rejects it
RAT	Xuxen rejects it
RAVE	Xuxen rejects it
RAY	Xuxen rejects it
REASON	Xuxen rejects it
RED	Xuxen rejects it
REGINA	Xuxen rejects it
REMEMBER	Xuxen rejects it
REPUBLIC	Xuxen rejects it
RETURN	Xuxen rejects it
RHYTHM	Xuxen rejects it
RICE	Xuxen rejects it
RICH	Xuxen rejects it
RIDE	Xuxen rejects it
RIFLE	Xuxen rejects it
RIGHT	Xuxen rejects it
RING	by hand: English, though Xuxen and a Romance list accept it
RIVER	Xuxen rejects it
ROAD	Xuxen rejects it
ROB	Xuxen rejects it
ROCK	spelled as Basque never spells
ROD	Xuxen rejects it
ROM	Xuxen rejects it
ROMAN	Xuxen rejects it
ROOF	Xuxen rejects it
ROUGE	Xuxen rejects it
RUE	Xuxen rejects it
RULE	Xuxen rejects it
RUN	Xuxen rejects it
RUTHLESS	Xuxen rejects it
RYE	Xuxen rejects it
SABER	Xuxen rejects it
SALE	Xuxen rejects it
SALMON	Xuxen rejects it
SALT	Xuxen rejects it
SAND	Xuxen rejects it
SAPPHIRE	Xuxen rejects it
SAY	Xuxen rejects it
SCAR	Xuxen rejects it
SCHOOL	Xuxen rejects it
SCIENCE	Xuxen rejects it
SEA	Xuxen rejects it
SEAL	Xuxen rejects it
SECRET	Xuxen rejects it
SEE	Xuxen rejects it
SEEN	Xuxen rejects it
SENSE	Xuxen rejects it
SER	Xuxen rejects it
SERVICE	Xuxen rejects it
SEVEN	Xuxen rejects it
SEX	Xuxen rejects it
SEXY	spelled as Basque never spells
SHAKE	Xuxen rejects it
SHARE	Xuxen rejects it
SHARP	Xuxen rejects it
SHE	Xuxen rejects it
SHELTER	Xuxen rejects it
SHEPHERD	Xuxen rejects it
SHIELD	Xuxen rejects it
SHIT	Xuxen rejects it
SHOP	Xuxen rejects it
SHORT	spelled as Basque never spells
SHOT	Xuxen rejects it
SHOW	spelled as Basque never spells
SIGHT	Xuxen rejects it
SILICON	Xuxen rejects it
SILVA	Xuxen rejects it
SILVER	Xuxen rejects it
SING	Xuxen accepts it, but no Romance language has it: English only
SIR	by hand: English, though Xuxen and a Romance list accept it
SISTER	Xuxen rejects it
SIT	Xuxen rejects it
SIX	by hand: English, though Xuxen and a Romance list accept it
SKIN	Xuxen rejects it
SKUNK	Xuxen rejects it
SKY	Xuxen rejects it
SLEEP	Xuxen rejects it
SLOW	Xuxen rejects it
SMOKE	Xuxen rejects it
SNAKE	Xuxen rejects it
SNIPER	Xuxen rejects it
SNOW	spelled as Basque never spells
SNOWBALL	Xuxen rejects it
SNOWBOARD	spelled as Basque never spells
SOCIETY	Xuxen rejects it
SOFT	by hand: English, though Xuxen and a Romance list accept it
SOLE	Xuxen rejects it
SOMETHING	Xuxen rejects it
SOMETIMES	Xuxen rejects it
SON	by hand: English, though Xuxen and a Romance list accept it
SONG	Xuxen rejects it
SOUND	Xuxen rejects it
SOUR	Xuxen rejects it
SOUTH	Xuxen rejects it
SOW	Xuxen rejects it
SPACE	Xuxen rejects it
SPAGHETTI	Xuxen rejects it
SPEAK	Xuxen rejects it
SPECIAL	Xuxen rejects it
SPEED	spelled as Basque never spells
SPELL	Xuxen rejects it
SPIDER	Xuxen rejects it
SPOON	Xuxen rejects it
SPORTS	Xuxen rejects it
SPRAY	spelled as Basque never spells
SPRING	Xuxen rejects it
SQUARE	Xuxen rejects it
STAND	by hand: English, though Xuxen and a Romance list accept it
STAR	Xuxen rejects it
STARS	Xuxen rejects it
START	Xuxen rejects it
STATE	Xuxen rejects it
STAY	Xuxen rejects it
STEEL	Xuxen rejects it
STEIN	Xuxen rejects it
STELLA	Xuxen rejects it
STONE	Xuxen rejects it
STORK	Xuxen rejects it
STORM	Xuxen rejects it
STORY	Xuxen rejects it
STRAND	Xuxen rejects it
STREET	Xuxen rejects it
STRIKE	Xuxen rejects it
STRIPTEASE	Xuxen rejects it
STRONG	Xuxen rejects it
STUDENT	Xuxen rejects it
SUM	Xuxen accepts it, but no Romance language has it: English only
SUMMER	Xuxen rejects it
SUN	Xuxen rejects it
SURVIVE	Xuxen rejects it
SWAN	Xuxen rejects it
SWEAT	Xuxen rejects it
SWEET	Xuxen rejects it
SWING	spelled as Basque never spells
SWITCH	Xuxen rejects it
SYSTEM	Xuxen rejects it
TAE	Xuxen rejects it
TAG	Xuxen rejects it
TAKA	Xuxen accepts it, but no Romance language has it: English only
TAKE	Xuxen accepts it, but no Romance language has it: English only
TALK	Xuxen rejects it
TAM	Xuxen rejects it
TAN	Xuxen rejects it
TEAM	Xuxen rejects it
TEE	Xuxen rejects it
TELEVISION	Xuxen rejects it
TELL	Xuxen rejects it
TEMPS	Xuxen rejects it
TENT	Xuxen rejects it
TEQUILA	Xuxen rejects it
TERRA	Xuxen rejects it
THANK	Xuxen rejects it
THAT	Xuxen rejects it
THE	Xuxen rejects it
THEFT	Xuxen rejects it
THERE	Xuxen rejects it
THESAURUS	spelled as Basque never spells
THESE	Xuxen rejects it
THEY	Xuxen rejects it
THING	Xuxen rejects it
THINK	Xuxen rejects it
THIS	Xuxen rejects it
THREE	Xuxen rejects it
TIE	Xuxen rejects it
TIGER	Xuxen rejects it
TIME	Xuxen rejects it
TIN	Xuxen rejects it
TIP	Xuxen rejects it
TIT	Xuxen rejects it
TOAD	Xuxen rejects it
TODAY	Xuxen rejects it
TOGETHER	Xuxen rejects it
TOM	Xuxen rejects it
TONIGHT	Xuxen rejects it
TOO	Xuxen rejects it
TOPAZ	Xuxen accepts it, but no Romance language has it: English only
TOPIC	Xuxen rejects it
TOR	Xuxen rejects it
TOUCH	Xuxen rejects it
TOWER	Xuxen rejects it
TOWN	Xuxen rejects it
TOY	Xuxen rejects it
TRAIN	Xuxen rejects it
TRANSFORMER	Xuxen rejects it
TREE	Xuxen rejects it
TRENCH	Xuxen rejects it
TROIS	Xuxen rejects it
TROLL	Xuxen rejects it
TROUBLE	Xuxen rejects it
TRUE	Xuxen rejects it
TRY	Xuxen rejects it
TUNG	Xuxen rejects it
TURKEY	Xuxen rejects it
TWEET	Xuxen rejects it
TWO	Xuxen rejects it
UNCLE	Xuxen rejects it
UNIVERSAL	Xuxen rejects it
UNIVERSITY	Xuxen rejects it
UNTIL	Xuxen accepts it, but no Romance language has it: English only
VAL	Xuxen rejects it
VALLEY	Xuxen rejects it
VELVET	Xuxen rejects it
VENDETTA	Xuxen rejects it
VENT	Xuxen rejects it
VERA	Xuxen rejects it
VERITAS	Xuxen rejects it
VERY	Xuxen rejects it
VICTORIA	Xuxen rejects it
VIKING	Xuxen rejects it
VILLA	spelled as Basque never spells
VILLAGE	Xuxen rejects it
VIPER	Xuxen rejects it
VIS	spelled as Basque never spells
VISA	spelled as Basque never spells
VISTA	Xuxen rejects it
VITA	spelled as Basque never spells
VOICE	Xuxen rejects it
VOX	spelled as Basque never spells
VOYAGE	Xuxen rejects it
WAIT	Xuxen rejects it
WAKE	Xuxen rejects it
WALK	Xuxen rejects it
WALL	Xuxen rejects it
WANNA	Xuxen rejects it
WANT	Xuxen rejects it
WAR	Xuxen rejects it
WAS	Xuxen rejects it
WASH	Xuxen rejects it
WATCH	Xuxen rejects it
WATER	Xuxen rejects it
WATERFALL	Xuxen rejects it
WEATHER	Xuxen rejects it
WEAVER	Xuxen rejects it
WEEKEND	Xuxen rejects it
WELCOME	Xuxen rejects it
WELL	Xuxen rejects it
WEST	Xuxen rejects it
WHAT	Xuxen rejects it
WHEEL	Xuxen rejects it
WHEN	Xuxen rejects it
WHERE	Xuxen rejects it
WHISKY	Xuxen rejects it
WHITE	Xuxen rejects it
WHO	Xuxen rejects it
WHY	Xuxen rejects it
WIN	Xuxen rejects it
WIND	Xuxen rejects it
WINDY	Xuxen rejects it
WING	Xuxen rejects it
WINTER	Xuxen rejects it
WIRING	Xuxen rejects it
WIT	Xuxen rejects it
WITH	Xuxen rejects it
WITHOUT	Xuxen rejects it
WITNESS	Xuxen rejects it
WOLF	Xuxen rejects it
WOMAN	Xuxen rejects it
WOOD	Xuxen rejects it
WORD	Xuxen rejects it
WORLD	Xuxen rejects it
WORM	Xuxen rejects it
WOUND	Xuxen rejects it
WRITE	Xuxen rejects it
YARD	spelled as Basque never spells
YEAR	Xuxen rejects it
YEN	spelled as Basque never spells
YES	Xuxen rejects it
YOU	Xuxen rejects it
YOUNG	Xuxen rejects it
YOUR	Xuxen rejects it
ZEE	Xuxen rejects it
